2488;Nalani Salgado;99
6738;Everett Ingram;97
4398;Riley Rivers;96
7690;Kiana Zimmerman;93
4376;Sergio Strickland;66
2620;Yehuda Parra;53
2347;Bridger Marin;90
1497;Celia Griffith;50
6129;Jaiden Mercado;93
8555;Bianca Holloway;95
6100;Sutton Robertson;50
6440;Harmony York;74
6546;Leandro Roberson;96
5818;Camden Pennington;78
2058;Yareli Castro;89
2598;Adan Hanna;77
1423;Cynthia Knapp;85
2648;Giuliana Kirk;97
2770;Alessandro Spence;83
5967;Kaydence Clark;68
4212;Avery Pearson;55
5056;Gunner Carroll;56
8436;Zara Hines;52
5145;Uriel Valdez;68
2825;Gia Coleman;52
3032;Micah Wilcox;86
9022;Alberto Cruz;90
7403;Claire Cannon;79
2106;Willie Pineda;70
8680;Nola Shah;66
7279;Kaylee Smith;50
2522;Peyton Salazar;72
7288;Lennox Duffy;57
3706;Addisyn Cummings;87
4971;Alyssa Griffith;96
8893;Kamari Thomas;62
4939;Elizabeth Santana;55
7619;Mohamed Berg;79
4195;Kaison Hubbard;87
6509;Rosie Peck;50
2167;Ryann Little;83
3436;Mason Farrell;61
3317;Kassidy Dudley;97
8519;Nathaniel Diaz;74
8479;Moises Benjamin;59
4508;Jianna McClain;69
2873;Jeremy Nguyen;64
9110;Nova Wright;59
2583;Grayson Schwartz;75
9444;Lilliana Phan;84
3041;Maison Harrington;88
5386;Legacy Figueroa;65
2791;Spencer Camacho;87
7915;Armani Knox;85
3445;Valentin Randolph;57
8784;Kailey Marsh;62
9025;Bo Dorsey;89
8351;Mabel Parsons;61
6173;Kyla Barber;51
1887;Solomon Quintero;77
2052;Banks Webb;64
4266;Ariella Cox;60
8684;Connor Hobbs;55
2857;Lacey Fowler;52
2844;Kameron Bell;67
5630;Prince Odom;50
1551;Persephone Roberson;91
8148;Shepherd Hubbard;85
7308;Margot Cantu;50
2638;Allie Cabrera;94
1932;Cade Velez;64
7789;Megan Villanueva;56
4744;Lawson Conrad;78
4271;William Zhang;93
5550;Alijah Cabrera;70
4772;Gregory Lewis;94
1188;Brynn Cook;79
2736;Ezekiel Dudley;79
4294;Zander O’Connor;86
5199;Charli Riley;93
1112;Hope Maynard;54
5397;Landry Grimes;94
3506;Braelyn Farmer;56
3601;Avianna Buck;85
7479;Jon Morrow;72
2004;Jasper Beck;99
8949;Meadow Mitchell;50
1514;Harrison Miller;81
2853;Brynlee Hahn;76
5882;Kabir Carroll;74
6186;Jamison McCarthy;98
3634;Kira Sexton;95
9020;Mylo Sloan;59
3419;Alonso Farley;92
8012;Wrenley Morton;96
1699;Karson Mercado;95
9124;Dane Patrick;68
6065;Lyra Vo;73
5553;Gordon Robles;66
5612;Mariah McLaughlin;64
5155;Hallie Tyler;99
9322;Aden Santos;93
4819;Robert Greer;97
1129;Reina Faulkner;88
7691;Jabari Sanders;94
7185;Everleigh Chandler;94
6528;Royal Scott;58
5590;Aurora Banks;52
8333;Martin Lloyd;70
9479;Emely McCarthy;96
3615;Magnus Jacobs;50
9941;Camilla Harrington;99
1994;Madelyn Norton;93
5981;Callen Wilson;59
6630;Vivienne Mann;93
3159;Nehemiah Rojas;71
1874;Adaline Reyna;78
4330;Charlie Livingston;100
6870;Brooklyn Patton;64
9074;Moises Hodge;78
1181;Liv Ramsey;96
9370;Luciano Stuart;87
8562;Stormi Daniel;71
9337;Dior Buchanan;60
3197;Scott Clements;66
3199;Thatcher Hoffman;81
5770;Aspen Ortiz;54
8899;Autumn Hendrix;55
5057;Pedro Ayala;94
4472;Blair Graves;53
5999;Kendra Walters;52
6160;Lainey Ibarra;89
8938;Noemi Freeman;51
1523;Clay Conway;69
3443;Hugh Villanueva;97
7534;Yasmin Greer;53
9602;Kace Reeves;79
8009;Lana Velazquez;60
3312;Drew Fleming;74
6083;Fatima Pham;85
4968;Russell Zhang;87
3860;Sarai O’brien;98
9009;Riley Ellison;61
4569;Raina Finley;64
8416;Hanna Stafford;68
2659;Alfredo Compton;68
4065;Elina Hendrix;61
3877;Korbyn Woodward;86
5511;Hadleigh Johnson;92
3303;Hailey Arnold;76
4853;Mckenna Higgins;80
5686;Capri Freeman;64
7356;Audrey Wiggins;73
2911;Aubree Torres;82
9966;Noemi Giles;87
2090;Kole Rush;73
1521;Samson Hamilton;59
2198;Megan Mathis;94
3564;Blaze Ward;88
2362;Jax Morrow;67
2886;Dustin Maxwell;98
9219;Kyla Navarro;52
3213;Reid McIntyre;97
6418;Wesley Haynes;83
5821;Lexi Ware;57
3783;Kamari Mathis;62
5887;Gustavo Hansen;50
9985;Abner Bates;78
5897;Rayan Leonard;56
3946;Sienna Potter;69
6236;Lucca Mullins;75
4913;Santos Sloan;63
9530;Selene Dominguez;83
1147;Kaden Stone;55
3751;Sage Zavala;80
2670;Dillon Mitchell;88
1060;Willow Fry;62
9198;Sophia Alvarado;71
1797;Andres McDaniel;60
8283;Robert Allen;63
4454;Riley Cano;72
8552;Emelia Maxwell;64
9412;Douglas Koch;95
6968;Flynn Tang;82
1359;Chanel Daugherty;93
2225;Turner Wilcox;73
8309;Ashlyn Hawkins;99
8602;Victor Stone;73
9528;Catalina Sampson;84
2200;Cain Coffey;61
2009;Paola Mercado;72
4900;Abram Jefferson;99
5828;Nixon Clayton;70
7118;Riley Spence;76
4901;Cillian Butler;98
9849;Harmoni Shepard;67
2882;Rocky Davis;100
7818;Mia Romero;59
3576;Bryson Garrison;95
3208;Cadence Jordan;94
5065;Sawyer Harding;57
7089;Zavier Fernandez;91
7130;Bronson Huffman;83
8376;Hayley Singh;66
7891;Louis Mullins;83
6312;Florence Glenn;63
5087;Frederick Burch;98
2324;Freyja Liu;55
9898;Xiomara Wright;92
5949;Grayson Trevino;87
4280;Priscilla Parrish;67
6746;Kassidy Parker;65
7087;Caleb Burke;85
6784;Vera Hall;93
4743;Charley Craig;93
9486;Odin Montoya;68
4612;Kamryn Craig;93
4903;Odin Herring;50
2554;Denver McIntosh;72
1490;Haley Franklin;59
7136;James Norman;69
4631;Malani Leonard;86
2234;Magnus Ferguson;65
3463;Juliana Chung;85
6792;Ira Lugo;67
3336;Kaylie Dixon;74
3374;Camden Carrillo;62
5789;Trace Rollins;83
6329;Adriel Holmes;93
5886;Bailey Mora;82
4051;Penelope Church;99
2437;Terrance Howard;63
1243;Sophie Arias;81
7934;Marcos Russell;59
8294;Remington Adkins;91
8732;River Walker;54
7844;Hazel Jenkins;99
8389;Declan Gentry;95
1553;Lennox Beck;80
6659;Luke Ellison;69
2613;Lilah Hogan;84
5205;Karter Gibbs;56
1973;Carter Barton;69
4473;Kaiya Carroll;73
8058;Joelle Hardin;53
4267;Hassan Kemp;69
8596;Anika Jacobs;76
9626;Addisyn Shaffer;82
4608;Aspen Terrell;91
5010;Jaxen Hodge;75
5309;Coraline Kim;64
1934;Roman Thornton;71
3929;Emmett Mejia;73
2621;Saylor Golden;70
7567;Amias Blair;96
4706;Frances Horne;98
4724;Zev Oliver;61
5169;Ian Truong;59
1206;Isaac Landry;66
2874;Dominic Ingram;73
2866;Mitchell Finley;92
6285;Jovie Lloyd;78
1952;Zaire Bates;85
3057;Orion Kelly;61
5399;Ruby Casey;77
2447;Grayson Sharp;96
1014;Barrett Morgan;70
3700;Delilah Rodgers;72
2046;Olivia Chandler;51
2190;Royal Jennings;84
5924;Jamal Benjamin;57
8462;Winnie Zavala;70
2623;Quinn Wolfe;57
1870;Hallie Whitney;87
4027;Emerald Bowen;65
4732;Trevor Patterson;100
6800;Cal Hernandez;55
2888;Roger Mora;70
8384;Jesus Reeves;66
4091;Camilo Scott;89
8532;Aurora Ingram;63
5587;Turner Koch;73
8208;Milana Gutierrez;72
1865;Luca Ingram;52
3044;Katie Ramsey;61
9574;Luciano Rush;67
9003;Maleah Buck;96
5110;Eva Murillo;95
3611;Lance Wood;80
1358;Alvin Hale;58
5175;Brinley Melton;78
8833;Lennon Huber;62
2785;Raquel Pugh;71
5204;Rudy Barnes;60
8299;Noe Chambers;99
6672;Jasiah Strong;75
6841;Margo Hammond;69
4764;Wilson Erickson;69
3687;Sabrina Green;56
9037;Anthony Morales;93
5108;Skylar Barron;73
9221;Dustin Hess;62
2965;Daniel Person;54
9495;Adriana Lu;98
9560;Livia Dominguez;82
8818;Kaden Murphy;81
2589;Bella Cortez;66
1872;Jessica Jaramillo;72
4824;Kamari Magana;74
1842;Brooke Reynolds;64
1155;Alia Webb;50
4433;Cheyenne McMillan;79
8528;Rocky Dean;52
2356;Malcolm Weaver;78
4648;Kingston Wiggins;70
5854;Rocky Berry;80
2809;Lawson McClain;93
9049;Bishop Roberson;60
1642;Brantley Lester;81
6260;Gavin Dunlap;64
5906;Iliana Ward;94
6763;Baylee Hall;98
6283;Thomas Griffin;96
9288;Charlie Fields;74
8965;Omar McIntosh;98
9947;Gwen Branch;69
9504;Phoenix Vazquez;80
9646;Marcellus Nixon;71
4687;Deborah Lawrence;78
5080;Kaleb Evans;59
6796;Eliana Nixon;75
8201;Everleigh Huerta;73
2544;Cole Riley;69
2822;Kayla Davila;55
9413;Imani Dixon;97
1839;Camden Ortiz;100
6225;Anna Wong;78
5239;Hadassah Holmes;90
1791;Anakin Randall;73
2098;Christina Rosas;73
4862;Remi Villa;88
6681;Johanna Wheeler;100
4751;Kenneth Quintana;52
1313;Kenia Cunningham;93
1225;Alejandro Carroll;73
9633;Zara Graves;82
6896;Ashlynn Bryant;81
5438;Jonah Morrow;80
1877;Reyna Sloan;56
1160;Ocean Bauer;77
3321;Haley Horne;81
5896;Raya Watkins;100
7010;Emerald Short;96
1509;Hezekiah Hendrix;52
3188;Zahir Spears;91
1065;Collins Hull;92
3701;Wyatt Lewis;87
5431;Edison Chandler;98
1493;Axton White;77
2492;Jaxx Charles;95
8624;Jenna Morgan;69
7311;Finnley Krueger;94
5666;Aitana Carr;96
5898;Kash Brennan;74
7099;Elodie Campbell;92
3888;Katie Owen;80
1836;Cannon Bender;73
3380;Lilyana Powell;72
2784;Ainhoa Patterson;79
7992;Myra Cain;50
4369;Juliette Lam;99
7953;Zainab Gutierrez;65
9190;Anika Booth;58
9256;Rory Gross;81
2082;Quinn Casey;63
6830;Sylvia Cain;93
3117;Duke Cline;72
6944;Richard Watkins;71
7746;Lola Medina;70
1457;Charlie Knapp;83
7565;Boden Middleton;60
5422;Madalyn Pope;57
2712;Raelynn Hanna;68
9353;Aydin Glass;76
3400;Clare Vance;71
5053;Alden Moore;63
9111;Emily Camacho;65
2452;Kiana McCormick;94
3524;Chelsea Stark;60
2260;Kristopher Garcia;77
1327;Keith Sandoval;82
8026;Elsie Wallace;51
1710;Tessa Hardy;96
6744;Jayceon McCoy;53
6761;Mckenzie Calhoun;64
7125;Gary Moyer;57
2703;Miles Mullins;68
2043;Maliyah Bender;78
7647;Oaklee Pugh;77
1491;Judson Noble;83
8875;Hunter Estrada;100
6361;Albert Warner;68
1541;Marcellus Ashley;95
7984;Valentin Brown;57
7512;Bridger Vazquez;81
4409;Ashlynn Jordan;100
3624;Sawyer Strickland;86
3538;Nia Vasquez;90
3703;Keilani McMillan;83
4721;Mina Ibarra;56
9614;Anais Vaughan;79
8872;Castiel Luna;64
2089;Journey Barrera;65
5280;Ainsley Fuller;55
2578;Cal Alexander;51
5235;Destiny Johnston;55
5980;Felix Steele;87
1767;Rylie Potts;89
2489;Alfred Pierce;85
7513;Victor Barker;91
2073;Trent Colon;99
5177;Remy Richmond;54
7394;Mordechai Norton;67
6087;Kylee Vazquez;93
7197;Jesse Blevins;83
8358;Aila McKee;94
4416;Evan Cabrera;54
2527;Daleyza O’Neill;61
1678;Marcel McMahon;74
2284;Belen Heath;88
2794;Lionel Morton;77
4995;Milani Chambers;87
8906;Orion Daniels;99
5341;Miller Pearson;76
1223;Kyler Salazar;57
4607;Freya Ortega;50
1757;Kobe Bradley;93
9379;Bo English;80
2325;Dominik Schaefer;63
8255;Mavis Reese;62
9132;Whitney Bates;86
7482;Yosef Mays;66
7571;Denisse Khan;61
6011;Kendrick Ballard;96
3811;Issac Ellison;96
1549;Raina Zhang;97
2855;Juliette Yates;65
3360;Sara Wade;94
8960;Kimber Tucker;53
8160;Nova Chavez;86
3883;Emery McCullough;75
9797;Addilynn Weeks;87
1361;Raya Stanton;90
1949;Zyair Solomon;51
9325;Mylah Person;81
6341;Jayce Morris;54
1772;Charlee Meadows;81
4361;Wayne Flynn;92
3850;Kadence Schwartz;58
2930;Edwin Lawson;86
4353;Phoebe Mayo;89
9464;Jericho Fleming;90
5644;Fatima Banks;87
3284;Callie Miller;74
5419;Benjamin Casey;50
8620;Delilah Soto;62
6380;Barrett Grant;57
7351;Emberly Malone;64
5286;Idris Farrell;71
7529;Bentlee Villegas;62
7275;Xzavier Richards;83
1128;Trinity Herman;82
8274;Juelz Donaldson;68
8695;Emir Brewer;84
4080;Jazmine Zhang;80
6452;Louisa Li;52
1985;Jorge Correa;50
8756;Valery Carson;69
4969;Scarlet Cooper;78
1345;Raquel Cook;87
7189;Ezekiel Weaver;72
2573;Teagan Cervantes;91
5415;Felipe Roth;67
7546;Elliot Simon;69
7053;Wrenley Watkins;68
4277;Maci Hartman;71
5986;Laura Warren;81
1596;Abel Cook;75
5598;Aaliyah Buck;74
3991;Jon Kramer;92
5095;Karson Hayden;65
6157;Avayah Howe;68
9151;Alaric Gutierrez;63
9578;Savannah Velez;92
5028;Kareem Alfaro;54
6519;Yasmin Keller;89
6807;Briggs Farmer;75
7377;Andrew Parks;87
4408;Deandre Donaldson;67
4867;Zola Wilkerson;91
7561;Carmelo Lara;68
1982;Leo Massey;76
9733;Clementine Baker;55