4796;Victoria Hughes;87
7690;Kiana Zimmerman;89
9067;Dalary Richardson;60
2550;Ainhoa Esquivel;79
2347;Bridger Marin;83
8555;Bianca Holloway;99
6440;Harmony York;53
7588;Anna Zamora;83
1483;Quentin Burns;90
3900;Marcus Nunez;77
5818;Camden Pennington;88
2058;Yareli Castro;98
2934;Jasper Hurst;97
9539;Adalee Sherman;83
2598;Adan Hanna;89
2770;Alessandro Spence;69
9315;Aislinn Byrd;72
5967;Kaydence Clark;59
4212;Avery Pearson;76
5056;Gunner Carroll;58
8436;Zara Hines;87
2825;Gia Coleman;97
3032;Micah Wilcox;92
1303;Ashlyn Arroyo;67
9022;Alberto Cruz;80
4278;Margaret Travis;81
2106;Willie Pineda;70
3391;Rafael Patterson;75
9813;Liam Yates;50
7250;Charley Ballard;97
6835;Kenzo Hebert;78
6092;Brody Espinoza;82
4971;Alyssa Griffith;62
9509;Novah Cervantes;65
8893;Kamari Thomas;62
4195;Kaison Hubbard;93
6509;Rosie Peck;73
6446;Yousef Conway;52
2167;Ryann Little;71
5948;Lennox Sanders;50
7732;Everleigh Hernandez;66
1936;Tiffany Cole;84
8519;Nathaniel Diaz;84
6330;Joey Burnett;87
1003;Emberly Patton;93
7446;Adeline Carpenter;66
9110;Nova Wright;97
2583;Grayson Schwartz;99
9444;Lilliana Phan;81
3041;Maison Harrington;64
5386;Legacy Figueroa;86
2791;Spencer Camacho;57
3445;Valentin Randolph;67
9025;Bo Dorsey;81
3938;Addyson Maxwell;57
3481;Eden Khan;96
8351;Mabel Parsons;100
6173;Kyla Barber;92
1887;Solomon Quintero;93
2052;Banks Webb;55
8684;Connor Hobbs;71
2857;Lacey Fowler;56
7516;Melody Molina;52
1551;Persephone Roberson;93
7437;Rosie Navarro;77
7308;Margot Cantu;56
7789;Megan Villanueva;85
8703;Huxley Johns;59
4744;Lawson Conrad;70
4936;Daleyza Christensen;71
3603;Israel Wiley;62
8131;Matias Craig;59
5045;Hadleigh Burton;53
4294;Zander O’Connor;76
5199;Charli Riley;93
5397;Landry Grimes;75
3506;Braelyn Farmer;91
3601;Avianna Buck;63
7479;Jon Morrow;60
9989;Gia Fuller;75
1190;Jaxon Zuniga;99
5153;Yehuda McDonald;87
9999;Daisy Simmons;52
1514;Harrison Miller;82
2428;Zara Farmer;68
6186;Jamison McCarthy;71
9020;Mylo Sloan;97
9748;Selene Rush;87
2274;Charleigh David;83
8012;Wrenley Morton;91
5684;Alanna Bush;75
2831;Tyson Morton;77
9124;Dane Patrick;57
5553;Gordon Robles;71
9881;Dexter Holland;82
5612;Mariah McLaughlin;85
3127;Ibrahim Wolfe;68
9553;Emmitt Wilkins;90
2981;Amalia Bonilla;100
9322;Aden Santos;68
7691;Jabari Sanders;87
9479;Emely McCarthy;97
2816;Devin Hale;50
3615;Magnus Jacobs;88
9941;Camilla Harrington;77
1676;Omari Rogers;71
1994;Madelyn Norton;88
5981;Callen Wilson;66
5466;Darren Singh;94
3159;Nehemiah Rojas;72
1874;Adaline Reyna;79
5179;Reginald Griffin;51
4330;Charlie Livingston;91
7805;Ambrose Turner;57
6870;Brooklyn Patton;62
9074;Moises Hodge;62
2545;Coraline Jimenez;91
6439;Silas Zavala;79
1181;Liv Ramsey;95
5120;Ruth Pace;79
9337;Dior Buchanan;67
7651;Maryam Carlson;52
7194;Lainey McKenzie;70
3197;Scott Clements;79
5132;Cara Frazier;52
4625;Ashlynn Quintero;80
5770;Aspen Ortiz;83
5998;Landon Brooks;95
3517;Korbyn Salgado;74
6597;Avalynn Liu;59
5999;Kendra Walters;93
4357;Asa Barr;74
4381;Jayce Norris;60
9452;Arielle Villa;81
9862;Ryann Macdonald;67
3443;Hugh Villanueva;81
4216;Monroe Sloan;66
1193;Maximus Alfaro;61
7534;Yasmin Greer;85
3298;Emir Barrera;67
6898;Beatrice Bartlett;69
9602;Kace Reeves;78
8009;Lana Velazquez;71
3312;Drew Fleming;88
6083;Fatima Pham;79
4569;Raina Finley;80
1950;Calum Kramer;93
8416;Hanna Stafford;66
2659;Alfredo Compton;58
4065;Elina Hendrix;69
3877;Korbyn Woodward;51
5511;Hadleigh Johnson;76
1860;Addilynn Vance;65
9954;Casen Watson;57
5686;Capri Freeman;91
3122;Flynn Crawford;54
2264;Jayden Barr;91
1521;Samson Hamilton;81
2198;Megan Mathis;73
7684;Paulina Wood;59
3564;Blaze Ward;59
3213;Reid McIntyre;94
8460;Tadeo Krueger;65
6386;Hope Compton;72
9985;Abner Bates;60
1425;Ryder Hale;85
7328;Charli Lugo;85
4913;Santos Sloan;66
9530;Selene Dominguez;90
8379;Catalina Humphrey;58
8737;Jacoby Garza;90
3090;Dahlia Vance;76
4117;Daniela Richardson;80
8283;Robert Allen;80
7548;Justice Ortega;88
8318;Kobe Adkins;74
8552;Emelia Maxwell;94
6030;Elsie Horn;56
9120;Wilson Briggs;66
6390;Alia Huerta;100
9412;Douglas Koch;96
6968;Flynn Tang;86
1359;Chanel Daugherty;53
2225;Turner Wilcox;79
8602;Victor Stone;85
9528;Catalina Sampson;84
2200;Cain Coffey;85
2009;Paola Mercado;62
6483;Julieta Sweeney;88
5828;Nixon Clayton;65
2316;Saige Wallace;96
2121;Chase Allen;93
7118;Riley Spence;61
4901;Cillian Butler;54
2113;Athena Barajas;64
9849;Harmoni Shepard;54
2882;Rocky Davis;80
7818;Mia Romero;61
5065;Sawyer Harding;73
4089;Aniya Bender;87
7089;Zavier Fernandez;84
4707;Amara Michael;66
8376;Hayley Singh;79
7402;Ronin Cordova;50
6312;Florence Glenn;98
8920;Zaid Velazquez;76
5087;Frederick Burch;90
9898;Xiomara Wright;78
4280;Priscilla Parrish;68
2959;Karsyn Goodman;66
5463;Abdullah Farrell;59
6746;Kassidy Parker;85
7087;Caleb Burke;60
4612;Kamryn Craig;89
2554;Denver McIntosh;59
1490;Haley Franklin;53
4588;Hadlee Garcia;100
7136;James Norman;75
2234;Magnus Ferguson;88
3463;Juliana Chung;79
3374;Camden Carrillo;68
5789;Trace Rollins;77
6329;Adriel Holmes;95
5886;Bailey Mora;93
5619;Arturo Harris;86
2437;Terrance Howard;70
1243;Sophie Arias;98
9392;Palmer Gallagher;99
8294;Remington Adkins;85
7844;Hazel Jenkins;63
4402;Amelie Little;67
1553;Lennox Beck;83
8278;Gia Walker;92
6659;Luke Ellison;66
7180;Raina Edwards;98
2613;Lilah Hogan;88
5205;Karter Gibbs;53
1973;Carter Barton;82
7091;Cassius Novak;50
4473;Kaiya Carroll;59
7824;Oscar Carson;72
6372;Nalani Matthews;91
2466;Preston Rosas;63
8058;Joelle Hardin;55
4267;Hassan Kemp;50
9626;Addisyn Shaffer;78
5010;Jaxen Hodge;67
5309;Coraline Kim;78
1934;Roman Thornton;65
2621;Saylor Golden;58
7567;Amias Blair;91
4724;Zev Oliver;86
3614;Camille Chavez;98
1206;Isaac Landry;66
6552;Katie McClain;60
2866;Mitchell Finley;92
3057;Orion Kelly;53
5001;Armando Barnes;51
8509;Liliana Wright;98
1014;Barrett Morgan;73
3700;Delilah Rodgers;89
4086;Mathias Smith;58
2190;Royal Jennings;52
4035;Palmer Benton;63
5924;Jamal Benjamin;84
6359;Jianna Reeves;89
9537;Clark Hoover;56
2491;Adler Salgado;51
5920;Avalynn Sloan;76
8462;Winnie Zavala;74
2382;Nia Gross;76
2623;Quinn Wolfe;89
1870;Hallie Whitney;64
3114;Jeffery Sanford;60
4732;Trevor Patterson;95
9091;Camila Juarez;87
2519;Joaquin Massey;53
9231;Clementine Bond;91
8384;Jesus Reeves;74
5904;Lana Hines;86
5834;Uriel Collier;63
6618;Ivory Dominguez;85
4419;Haisley Everett;98
6360;Trinity Daugherty;57
1865;Luca Ingram;57
3044;Katie Ramsey;88
9574;Luciano Rush;80
5480;Natalia Meza;50
3852;Araceli Ware;88
4905;Tadeo Hunter;80
8974;Khloe Gates;69
9175;Ermias McCarthy;55
9657;Kira Dillon;64
8833;Lennon Huber;65
2785;Raquel Pugh;54
7481;Judson Hebert;57
9946;Kyleigh Small;88
5204;Rudy Barnes;75
2511;Liliana Pham;67
2528;Russell Bender;78
9722;Lilyana Garrison;88
8299;Noe Chambers;100
8690;Makayla McCormick;68
8338;Francis Espinoza;62
9579;Lucille Poole;98
9037;Anthony Morales;99
5108;Skylar Barron;91
9221;Dustin Hess;64
6497;Kaliyah Wilson;55
2965;Daniel Person;61
7156;Dylan Marin;53
7633;Aldo May;76
8540;Duncan McMillan;59
7085;Kaiser Buck;80
9560;Livia Dominguez;65
8782;Riggs Krueger;52
4824;Kamari Magana;86
2749;Rey Stone;81
7622;Catalina Chen;95
1842;Brooke Reynolds;63
4591;Lorenzo Frederick;58
2496;Samara Kim;88
4433;Cheyenne McMillan;99
4648;Kingston Wiggins;58
2431;Capri McMillan;56
5854;Rocky Berry;58
2809;Lawson McClain;50
3272;Marleigh Norton;64
8847;Jefferson Bender;73
6795;Laylah Sandoval;82
1642;Brantley Lester;66
6260;Gavin Dunlap;76
5906;Iliana Ward;86
6763;Baylee Hall;91
9288;Charlie Fields;75
2817;Clayton Hawkins;50
8965;Omar McIntosh;95
9947;Gwen Branch;77
9659;Keenan Black;57
8325;Journee Blackwell;68
5080;Kaleb Evans;84
6796;Eliana Nixon;55
4925;Douglas Vargas;91
2544;Cole Riley;84
8060;Brynn Xiong;87
3125;Azrael Mueller;63
9413;Imani Dixon;85
1925;Arya Fuller;69
9153;Madelynn Herring;93
3471;Henrik Rubio;96
5239;Hadassah Holmes;71
1791;Anakin Randall;97
6681;Johanna Wheeler;63
9633;Zara Graves;70
1877;Reyna Sloan;90
3321;Haley Horne;90
1351;Lewis Frye;84
6570;Jabari Meyers;99
3188;Zahir Spears;62
7931;Isabela Hammond;81
7823;Francis Benson;82
5538;Salem Stark;80
3701;Wyatt Lewis;55
3865;Ellie Collier;94
1493;Axton White;64
5848;Layla Landry;89
8624;Jenna Morgan;56
7311;Finnley Krueger;56
3038;Kamari Hanna;84
8848;Aydin Horton;59
5666;Aitana Carr;70
7099;Elodie Campbell;94
3658;Christopher Ingram;86
3888;Katie Owen;76
3380;Lilyana Powell;52
2784;Ainhoa Patterson;56
7992;Myra Cain;89
4369;Juliette Lam;85
7953;Zainab Gutierrez;69
6436;Luca Small;78
4695;Zaria Schroeder;99
6591;Izaiah Kemp;86
9190;Anika Booth;100
5300;Chaim Farmer;98
5488;Christian Martin;93
6830;Sylvia Cain;96
6174;Benson Nicholson;93
3117;Duke Cline;73
9700;George Griffin;53
1457;Charlie Knapp;56
3163;London Barron;53
5053;Alden Moore;81
9111;Emily Camacho;59
2260;Kristopher Garcia;63
4371;Amelia Whitaker;75
8026;Elsie Wallace;64
3019;Chase Morse;84
8777;Spencer Garrett;61
1710;Tessa Hardy;74
6744;Jayceon McCoy;95
6761;Mckenzie Calhoun;53
2703;Miles Mullins;50
6598;Zavier Huynh;60
6361;Albert Warner;89
6251;Wynter Blackwell;63
7859;Khalani Knox;95
5232;Charlotte Esquivel;78
7512;Bridger Vazquez;88
4409;Ashlynn Jordan;63
3624;Sawyer Strickland;58
3703;Keilani McMillan;51
2517;Rocky Atkins;84
4721;Mina Ibarra;98
8872;Castiel Luna;100
3841;Makai Parks;83
5280;Ainsley Fuller;83
4868;Andre Webster;79
7894;Kensley Lim;56
2578;Cal Alexander;73
4118;Lyla Zamora;62
6385;Quentin Cohen;59
5235;Destiny Johnston;91
1767;Rylie Potts;76
2489;Alfred Pierce;87
4784;Arabella Hawkins;75
7513;Victor Barker;91
7930;Remington Sheppard;52
5177;Remy Richmond;94
7394;Mordechai Norton;75
9692;Bjorn Solis;58
6414;Miracle Sullivan;96
1678;Marcel McMahon;93
3774;Mallory Nash;60
8906;Orion Daniels;77
6954;Ember Rich;98
9955;Kiara Valdez;56
1757;Kobe Bradley;82
2691;Vanessa Marsh;53
9379;Bo English;50
2325;Dominik Schaefer;55
7603;Alijah Wallace;74
6152;Arianna Middleton;83
7819;Misael Richmond;88
8321;Ellis Martinez;65
6011;Kendrick Ballard;59
8438;Alejandra Wall;98
3811;Issac Ellison;76
3851;Isaias Fox;65
2855;Juliette Yates;56
5297;Braylon Meyer;60
2221;Jake Bishop;92
1455;Emmanuel Callahan;62
8960;Kimber Tucker;84
3242;Briar Haley;51
1949;Zyair Solomon;90
4034;Jazmin Archer;72
5539;Ephraim Sullivan;76
1139;Melanie Freeman;90
6341;Jayce Morris;63
9508;Annabelle Huffman;72
7706;Chris Reid;52
4361;Wayne Flynn;54
3285;Dorothy Bowen;71
1321;Frankie Barr;83
3850;Kadence Schwartz;97
2930;Edwin Lawson;87
4353;Phoebe Mayo;55
9464;Jericho Fleming;78
5644;Fatima Banks;92
3284;Callie Miller;73
5419;Benjamin Casey;80
8620;Delilah Soto;57
6380;Barrett Grant;72
3972;Alaina Wood;96
7351;Emberly Malone;73
4752;Drew Noble;74
5286;Idris Farrell;88
7529;Bentlee Villegas;81
3072;Jessie Whitaker;97
5737;Keith O’Connell;76
8999;Allie Duffy;93
4509;Sophia Alfaro;99
8695;Emir Brewer;65
9960;Noa Bowman;91
2734;Isaias Rosario;86
1985;Jorge Correa;91
8756;Valery Carson;80
4969;Scarlet Cooper;75
8739;Jonathan Huber;51
1345;Raquel Cook;98
7189;Ezekiel Weaver;82
2573;Teagan Cervantes;65
2177;Kamari Potter;82
4700;Rory Lucero;82
1401;Zayne Casey;59
6682;Nash Fischer;83
2585;Alina Nicholson;92
5986;Laura Warren;72
3991;Jon Kramer;74
5279;Hanna Oliver;51
5095;Karson Hayden;78
6157;Avayah Howe;88
9151;Alaric Gutierrez;97
9578;Savannah Velez;90
5028;Kareem Alfaro;85
2657;Christina Curry;65
6807;Briggs Farmer;71
4704;Ainsley Marsh;74
2049;Maren Winters;93
4408;Deandre Donaldson;77
5173;Natasha Arroyo;54
1217;Queen Banks;80
3842;Martin Hunt;71
8030;Damir Moyer;93
5217;Heidi Scott;67
4618;Ezra Singleton;82