2488;Nalani Salgado;88
4796;Victoria Hughes;96
6738;Everett Ingram;100
2248;Katie O’brien;81
4376;Sergio Strickland;79
9067;Dalary Richardson;95
2550;Ainhoa Esquivel;63
1497;Celia Griffith;93
9510;Franklin Leonard;78
4422;Demi Baldwin;69
3270;Mckinley Butler;99
9937;Ryder Moss;62
6546;Leandro Roberson;50
8515;Emerson Pena;100
6299;Mya Dixon;55
2058;Yareli Castro;95
1423;Cynthia Knapp;65
2648;Giuliana Kirk;51
9315;Aislinn Byrd;80
3440;Cristian Beltran;64
5056;Gunner Carroll;97
8436;Zara Hines;66
5145;Uriel Valdez;85
1204;Diana Rodriguez;65
6462;Henry Beck;79
3032;Micah Wilcox;64
1303;Ashlyn Arroyo;64
9022;Alberto Cruz;74
2106;Willie Pineda;72
8680;Nola Shah;85
2982;Lilianna Larson;82
7279;Kaylee Smith;82
9813;Liam Yates;91
7250;Charley Ballard;67
6835;Kenzo Hebert;86
4056;Kyleigh Gill;83
9012;Lucille Little;91
7288;Lennox Duffy;82
6833;Raiden Spencer;87
1668;Franklin Nash;90
2231;Emmalyn Goodwin;75
6446;Yousef Conway;72
2167;Ryann Little;68
7732;Everleigh Hernandez;75
3436;Mason Farrell;51
1936;Tiffany Cole;93
8519;Nathaniel Diaz;84
1663;Elena Bravo;94
7221;Genesis Hanna;97
2800;Cynthia McKay;90
4508;Jianna McClain;96
2873;Jeremy Nguyen;72
5386;Legacy Figueroa;58
2791;Spencer Camacho;79
8784;Kailey Marsh;85
9025;Bo Dorsey;99
3938;Addyson Maxwell;71
4266;Ariella Cox;83
2844;Kameron Bell;87
5630;Prince Odom;77
7281;Laylani Heath;90
8148;Shepherd Hubbard;94
7437;Rosie Navarro;66
8159;Reid Guerrero;54
2638;Allie Cabrera;64
7789;Megan Villanueva;50
8703;Huxley Johns;61
9872;Giovanna Becker;81
8801;Sarai Reese;56
3603;Israel Wiley;88
8131;Matias Craig;70
1188;Brynn Cook;96
5045;Hadleigh Burton;92
3506;Braelyn Farmer;87
1886;Jamison Love;95
7479;Jon Morrow;86
3668;Reyna Castro;68
9989;Gia Fuller;55
6040;Andre Saunders;68
1190;Jaxon Zuniga;61
5153;Yehuda McDonald;52
9999;Daisy Simmons;81
1514;Harrison Miller;83
2428;Zara Farmer;72
6186;Jamison McCarthy;71
3634;Kira Sexton;90
9020;Mylo Sloan;51
2274;Charleigh David;94
3419;Alonso Farley;62
5684;Alanna Bush;66
2831;Tyson Morton;76
6246;Mallory Oliver;81
6466;Mckinley McFarland;82
9124;Dane Patrick;81
6065;Lyra Vo;70
9881;Dexter Holland;71
9553;Emmitt Wilkins;57
5956;Brinley Gentry;81
9941;Camilla Harrington;90
1676;Omari Rogers;78
1994;Madelyn Norton;84
5981;Callen Wilson;81
5037;Luna Montes;68
6630;Vivienne Mann;80
3159;Nehemiah Rojas;52
1874;Adaline Reyna;86
4330;Charlie Livingston;85
7805;Ambrose Turner;90
6870;Brooklyn Patton;74
9074;Moises Hodge;59
2545;Coraline Jimenez;81
6439;Silas Zavala;69
5120;Ruth Pace;87
3197;Scott Clements;90
5132;Cara Frazier;69
4895;Callum Acevedo;83
4625;Ashlynn Quintero;77
3199;Thatcher Hoffman;53
5770;Aspen Ortiz;77
3517;Korbyn Salgado;53
6597;Avalynn Liu;92
5057;Pedro Ayala;86
5999;Kendra Walters;88
8282;Colson Hail;95
8938;Noemi Freeman;97
4381;Jayce Norris;90
9862;Ryann Macdonald;75
3443;Hugh Villanueva;60
4216;Monroe Sloan;99
6202;Ocean Shepard;57
3042;Noor Morrison;59
7534;Yasmin Greer;68
8613;Jolie Sosa;67
9602;Kace Reeves;64
8009;Lana Velazquez;72
3312;Drew Fleming;89
6083;Fatima Pham;85
4968;Russell Zhang;73
3860;Sarai O’brien;86
2659;Alfredo Compton;97
4065;Elina Hendrix;60
6891;Lucian Dudley;85
5511;Hadleigh Johnson;65
3558;Noah Haley;76
1860;Addilynn Vance;87
3303;Hailey Arnold;54
8340;Sterling Wiggins;92
5686;Capri Freeman;73
4787;Azariah Williamson;57
3329;Catherine Dickerson;84
3122;Flynn Crawford;52
2264;Jayden Barr;97
1521;Samson Hamilton;67
6398;Mackenzie Miles;53
8488;Jared Velez;78
7684;Paulina Wood;70
9461;Lauryn Fitzpatrick;50
1840;Ariana Burke;83
9219;Kyla Navarro;86
3213;Reid McIntyre;79
6418;Wesley Haynes;84
5821;Lexi Ware;88
9985;Abner Bates;86
1425;Ryder Hale;76
1011;Brinley Perry;82
3946;Sienna Potter;62
6236;Lucca Mullins;65
2384;Maliyah Lewis;82
7154;Wyatt O’Connor;56
7328;Charli Lugo;60
4913;Santos Sloan;56
1147;Kaden Stone;88
8379;Catalina Humphrey;100
3353;Krew Salinas;60
5509;Aidan Perkins;50
2670;Dillon Mitchell;69
9198;Sophia Alvarado;81
1797;Andres McDaniel;85
8283;Robert Allen;94
4454;Riley Cano;95
5487;Terry Nicholson;53
8318;Kobe Adkins;59
9565;Eden Randolph;93
6280;Kailey Villanueva;82
2413;Huxley Sandoval;84
6030;Elsie Horn;78
6390;Alia Huerta;98
9412;Douglas Koch;50
5608;Milana Dickerson;86
6968;Flynn Tang;74
2016;Belle Mendez;80
4367;Arthur Arroyo;63
8989;Kyra Nava;70
7710;Stefan Gilmore;90
2225;Turner Wilcox;81
8309;Ashlyn Hawkins;100
9528;Catalina Sampson;77
2200;Cain Coffey;86
2009;Paola Mercado;73
4900;Abram Jefferson;50
2121;Chase Allen;93
4901;Cillian Butler;65
9849;Harmoni Shepard;80
5645;Dahlia Hines;58
5812;Uriel Sanchez;70
8579;Aria McMillan;59
7818;Mia Romero;83
3576;Bryson Garrison;79
3208;Cadence Jordan;97
5065;Sawyer Harding;65
4707;Amara Michael;54
7130;Bronson Huffman;74
7396;Maliyah Solis;88
8920;Zaid Velazquez;59
2959;Karsyn Goodman;87
3366;Carolina Duarte;89
7600;Thomas Yates;85
4743;Charley Craig;74
9486;Odin Montoya;90
4903;Odin Herring;71
2554;Denver McIntosh;67
1490;Haley Franklin;50
1202;Simon Raymond;70
4588;Hadlee Garcia;77
4631;Malani Leonard;86
2365;Ricardo Dodson;100
3463;Juliana Chung;81
3336;Kaylie Dixon;62
3812;Kaylani Salgado;86
4242;Araceli Owens;83
6329;Adriel Holmes;70
5886;Bailey Mora;57
2919;Alec Jennings;60
7934;Marcos Russell;81
9351;Raelynn Willis;89
8294;Remington Adkins;60
8732;River Walker;63
7844;Hazel Jenkins;69
8389;Declan Gentry;92
4402;Amelie Little;73
1553;Lennox Beck;75
8278;Gia Walker;88
6659;Luke Ellison;98
7091;Cassius Novak;63
4473;Kaiya Carroll;69
8058;Joelle Hardin;52
4608;Aspen Terrell;53
1934;Roman Thornton;75
8758;Haisley Bell;94
3929;Emmett Mejia;90
7567;Amias Blair;70
4706;Frances Horne;70
5169;Ian Truong;83
1206;Isaac Landry;53
2243;Brynleigh Mendoza;82
6552;Katie McClain;91
2866;Mitchell Finley;77
6285;Jovie Lloyd;55
1952;Zaire Bates;69
7496;Madilyn Chambers;87
8509;Liliana Wright;53
5117;Camryn Soto;92
1014;Barrett Morgan;57
3700;Delilah Rodgers;90
2190;Royal Jennings;94
5924;Jamal Benjamin;85
6359;Jianna Reeves;73
5920;Avalynn Sloan;100
2382;Nia Gross;55
2623;Quinn Wolfe;100
1870;Hallie Whitney;79
4732;Trevor Patterson;56
1633;Kaylee Lim;72
6800;Cal Hernandez;62
2519;Joaquin Massey;98
2888;Roger Mora;66
8384;Jesus Reeves;77
5904;Lana Hines;94
5834;Uriel Collier;99
8568;Kaden Thornton;84
4091;Camilo Scott;54
1489;Tripp Richards;75
8208;Milana Gutierrez;92
3044;Katie Ramsey;63
9574;Luciano Rush;93
5740;Jon Castillo;73
5110;Eva Murillo;98
5480;Natalia Meza;51
9175;Ermias McCarthy;95
5175;Brinley Melton;51
2785;Raquel Pugh;65
9722;Lilyana Garrison;80
8299;Noe Chambers;99
6672;Jasiah Strong;62
6841;Margo Hammond;63
9579;Lucille Poole;80
1395;Aurelia Horn;91
4764;Wilson Erickson;88
3687;Sabrina Green;54
9037;Anthony Morales;89
5108;Skylar Barron;76
9221;Dustin Hess;69
7156;Dylan Marin;70
8540;Duncan McMillan;88
9511;Oakleigh Rush;58
9560;Livia Dominguez;81
8818;Kaden Murphy;94
2589;Bella Cortez;57
6227;Whitley Chandler;93
7936;Ramona Chavez;75
1872;Jessica Jaramillo;81
2749;Rey Stone;79
6649;Emmanuel Rios;61
1842;Brooke Reynolds;53
6971;Vincent Briggs;82
7298;Roman Short;64
4433;Cheyenne McMillan;72
8109;Julianna Yang;98
6634;Teagan Alexander;94
2431;Capri McMillan;61
5854;Rocky Berry;56
7958;Annabelle Becker;67
2809;Lawson McClain;80
7171;Josie Novak;83
8847;Jefferson Bender;98
8499;Lilyana Alvarez;95
6795;Laylah Sandoval;69
7205;Averi Harrison;92
9015;Jameson Kerr;92
8965;Omar McIntosh;82
9947;Gwen Branch;75
9659;Keenan Black;50
8325;Journee Blackwell;89
9646;Marcellus Nixon;54
4687;Deborah Lawrence;81
5080;Kaleb Evans;53
8201;Everleigh Huerta;71
3222;Andrea Ellis;59
5846;Grey Craig;91
9413;Imani Dixon;52
1839;Camden Ortiz;97
6225;Anna Wong;82
7362;Walter Fisher;82
3421;Andre Farmer;80
9153;Madelynn Herring;68
5239;Hadassah Holmes;85
7184;King Hart;79
1791;Anakin Randall;93
2098;Christina Rosas;53
4862;Remi Villa;87
4751;Kenneth Quintana;88
1313;Kenia Cunningham;83
1225;Alejandro Carroll;51
9633;Zara Graves;61
6896;Ashlynn Bryant;67
1160;Ocean Bauer;89
1826;Zev Mueller;72
1509;Hezekiah Hendrix;53
3671;Zhuri Faulkner;65
9335;Leyla Blackburn;91
1065;Collins Hull;90
3865;Ellie Collier;84
5431;Edison Chandler;89
8539;Duke Gutierrez;55
7311;Finnley Krueger;91
3038;Kamari Hanna;81
8848;Aydin Horton;76
7099;Elodie Campbell;98
3658;Christopher Ingram;66
3888;Katie Owen;74
1836;Cannon Bender;87
8121;Bennett Mayer;79
2784;Ainhoa Patterson;50
5116;Amir Santana;77
7992;Myra Cain;94
4369;Juliette Lam;86
3142;Ivanna Flores;93
7953;Zainab Gutierrez;70
6436;Luca Small;87
9190;Anika Booth;86
1746;Madelynn Morris;60
5488;Christian Martin;89
9256;Rory Gross;74
6174;Benson Nicholson;60
8830;Justice Atkinson;93
3117;Duke Cline;60
9278;Lina Bradley;73
6944;Richard Watkins;83
7746;Lola Medina;84
1457;Charlie Knapp;80
7565;Boden Middleton;52
2128;Gunnar Russell;58
2712;Raelynn Hanna;53
9353;Aydin Glass;91
3400;Clare Vance;96
8256;Kenzie McConnell;65
9111;Emily Camacho;96
2452;Kiana McCormick;84
4386;Jasiah Allison;78
3524;Chelsea Stark;89
2260;Kristopher Garcia;75
3019;Chase Morse;88
6744;Jayceon McCoy;56
6761;Mckenzie Calhoun;88
7125;Gary Moyer;75
2703;Miles Mullins;77
8875;Hunter Estrada;96
5342;Kalani Mueller;67
6251;Wynter Blackwell;72
1541;Marcellus Ashley;56
5232;Charlotte Esquivel;79
7172;Journee Pitts;58
4409;Ashlynn Jordan;66
3538;Nia Vasquez;57
3703;Keilani McMillan;89
9644;Asa Benton;87
5280;Ainsley Fuller;55
4868;Andre Webster;84
7894;Kensley Lim;98
2578;Cal Alexander;92
4118;Lyla Zamora;74
6385;Quentin Cohen;55
5980;Felix Steele;52
1767;Rylie Potts;98
4784;Arabella Hawkins;80
7930;Remington Sheppard;90
5177;Remy Richmond;89
6087;Kylee Vazquez;59
9692;Bjorn Solis;57
1678;Marcel McMahon;87
2794;Lionel Morton;61
3774;Mallory Nash;85
8906;Orion Daniels;55
6954;Ember Rich;96
5341;Miller Pearson;65
9955;Kiara Valdez;57
4607;Freya Ortega;84
1757;Kobe Bradley;88
2769;Kelly Booker;86
8255;Mavis Reese;95
7603;Alijah Wallace;89
6152;Arianna Middleton;76
7819;Misael Richmond;80
9132;Whitney Bates;87
7482;Yosef Mays;63
7571;Denisse Khan;98
6011;Kendrick Ballard;63
3811;Issac Ellison;81
3851;Isaias Fox;58
2855;Juliette Yates;94
5297;Braylon Meyer;51
8960;Kimber Tucker;79
5533;Ivan Nguyen;90
5836;Ian Cabrera;78
9104;Daleyza O’brien;59
8774;Riley Lee;98
2294;Scarlett Burton;67
4349;Zander Ruiz;67
3242;Briar Haley;51
9797;Addilynn Weeks;83
5539;Ephraim Sullivan;84
1139;Melanie Freeman;50
8153;Saint Berry;51
7706;Chris Reid;100
1772;Charlee Meadows;64
4534;Trevor Summers;85
1321;Frankie Barr;65
3906;Sariyah Berg;82
4260;Cayson Archer;71
5644;Fatima Banks;68
5419;Benjamin Casey;59
4837;Sylvia Carrillo;85
1033;Wade Morgan;62
6380;Barrett Grant;61
3972;Alaina Wood;57
7351;Emberly Malone;51
5019;Ruben Woodward;86
4752;Drew Noble;98
5286;Idris Farrell;74
7529;Bentlee Villegas;76
5952;Charles Serrano;90
4509;Sophia Alfaro;75
7275;Xzavier Richards;90
8274;Juelz Donaldson;97
1940;Natasha Sosa;66
6259;Thea Shaw;88
5198;Elliot Cannon;98
9960;Noa Bowman;71
1985;Jorge Correa;75
8756;Valery Carson;57
8739;Jonathan Huber;72
1345;Raquel Cook;51
7189;Ezekiel Weaver;73
4700;Rory Lucero;54
5415;Felipe Roth;71
1923;Francisco Farley;76
6682;Nash Fischer;70
2585;Alina Nicholson;56
5986;Laura Warren;53
1596;Abel Cook;65
5279;Hanna Oliver;66
5095;Karson Hayden;69
6157;Avayah Howe;54
9151;Alaric Gutierrez;72
5028;Kareem Alfaro;74
6519;Yasmin Keller;51
4474;Nico Randall;87
2657;Christina Curry;65
8124;Madelynn Phillips;97
7377;Andrew Parks;70
1233;Bo Harmon;72
5173;Natasha Arroyo;96
1241;Alberto Schmitt;82
1217;Queen Banks;50
3842;Martin Hunt;72
7428;Genevieve Brandt;92
4867;Zola Wilkerson;50