6738;Everett Ingram;52
2248;Katie O’brien;60
4398;Riley Rivers;74
4376;Sergio Strickland;92
3399;Nia House;51
2550;Ainhoa Esquivel;91
3270;Mckinley Butler;82
9937;Ryder Moss;65
8555;Bianca Holloway;98
6440;Harmony York;95
6546;Leandro Roberson;83
1228;Asa Ortiz;96
7588;Anna Zamora;90
8515;Emerson Pena;73
2934;Jasper Hurst;90
2598;Adan Hanna;88
1423;Cynthia Knapp;60
2770;Alessandro Spence;92
3440;Cristian Beltran;83
1204;Diana Rodriguez;66
3032;Micah Wilcox;79
1303;Ashlyn Arroyo;59
9022;Alberto Cruz;80
2106;Willie Pineda;77
2982;Lilianna Larson;86
9813;Liam Yates;86
6835;Kenzo Hebert;81
4056;Kyleigh Gill;91
2522;Peyton Salazar;92
6092;Brody Espinoza;91
9012;Lucille Little;60
3706;Addisyn Cummings;73
6833;Raiden Spencer;71
4971;Alyssa Griffith;92
1668;Franklin Nash;82
9509;Novah Cervantes;64
7619;Mohamed Berg;77
6509;Rosie Peck;58
5948;Lennox Sanders;99
3436;Mason Farrell;75
1936;Tiffany Cole;95
8519;Nathaniel Diaz;77
2800;Cynthia McKay;81
6330;Joey Burnett;99
8479;Moises Benjamin;88
1350;Mitchell Jimenez;85
7446;Adeline Carpenter;75
2873;Jeremy Nguyen;76
9110;Nova Wright;71
5386;Legacy Figueroa;98
3445;Valentin Randolph;53
8784;Kailey Marsh;57
6173;Kyla Barber;91
1887;Solomon Quintero;88
2788;Keyla Cortes;59
2857;Lacey Fowler;51
7281;Laylani Heath;98
1551;Persephone Roberson;100
7437;Rosie Navarro;77
8159;Reid Guerrero;53
2638;Allie Cabrera;56
9872;Giovanna Becker;90
4744;Lawson Conrad;85
4271;William Zhang;100
8801;Sarai Reese;76
5550;Alijah Cabrera;71
4936;Daleyza Christensen;82
4772;Gregory Lewis;86
8862;Lauryn Lane;52
8131;Matias Craig;55
1188;Brynn Cook;76
7247;Amari Hansen;78
5397;Landry Grimes;90
3601;Avianna Buck;90
7479;Jon Morrow;56
3668;Reyna Castro;72
9989;Gia Fuller;85
1190;Jaxon Zuniga;61
6975;Leslie House;98
5153;Yehuda McDonald;85
2853;Brynlee Hahn;58
2428;Zara Farmer;84
6186;Jamison McCarthy;91
9020;Mylo Sloan;68
9748;Selene Rush;75
3419;Alonso Farley;51
8012;Wrenley Morton;84
5684;Alanna Bush;96
2831;Tyson Morton;65
1699;Karson Mercado;70
9124;Dane Patrick;95
6065;Lyra Vo;96
5553;Gordon Robles;76
9458;Felicity Shaffer;57
9881;Dexter Holland;80
5155;Hallie Tyler;63
9322;Aden Santos;89
7691;Jabari Sanders;68
6528;Royal Scott;63
5956;Brinley Gentry;75
3615;Magnus Jacobs;82
9941;Camilla Harrington;94
1676;Omari Rogers;98
1994;Madelyn Norton;59
5981;Callen Wilson;65
5466;Darren Singh;68
7805;Ambrose Turner;98
6870;Brooklyn Patton;89
6439;Silas Zavala;80
8562;Stormi Daniel;69
9337;Dior Buchanan;52
7651;Maryam Carlson;97
4654;Paul Hail;70
7194;Lainey McKenzie;60
3197;Scott Clements;65
4895;Callum Acevedo;88
4625;Ashlynn Quintero;57
3199;Thatcher Hoffman;98
5998;Landon Brooks;70
6597;Avalynn Liu;72
4472;Blair Graves;97
9078;Cesar Cain;84
6160;Lainey Ibarra;93
8938;Noemi Freeman;76
4381;Jayce Norris;96
9452;Arielle Villa;84
3443;Hugh Villanueva;59
3042;Noor Morrison;74
1193;Maximus Alfaro;76
7534;Yasmin Greer;86
8613;Jolie Sosa;53
3298;Emir Barrera;59
9602;Kace Reeves;62
3312;Drew Fleming;77
4968;Russell Zhang;100
3860;Sarai O’brien;65
9009;Riley Ellison;52
8416;Hanna Stafford;50
3877;Korbyn Woodward;99
7077;Drew Meza;75
1860;Addilynn Vance;90
9954;Casen Watson;62
3303;Hailey Arnold;94
4853;Mckenna Higgins;77
3329;Catherine Dickerson;79
2911;Aubree Torres;52
2264;Jayden Barr;83
8886;Maleah Petersen;76
6398;Mackenzie Miles;94
8488;Jared Velez;61
2198;Megan Mathis;73
9330;Gustavo Herman;94
3564;Blaze Ward;84
1840;Ariana Burke;91
2886;Dustin Maxwell;99
9219;Kyla Navarro;83
3588;Rebekah Ross;86
6418;Wesley Haynes;74
8460;Tadeo Krueger;87
3783;Kamari Mathis;70
5897;Rayan Leonard;61
7410;Demi Butler;77
1425;Ryder Hale;85
3946;Sienna Potter;97
2384;Maliyah Lewis;69
4913;Santos Sloan;61
9530;Selene Dominguez;74
1147;Kaden Stone;84
8379;Catalina Humphrey;75
3353;Krew Salinas;94
4782;Royalty Vega;87
2670;Dillon Mitchell;94
1060;Willow Fry;54
8737;Jacoby Garza;93
2552;Deandre Jones;99
9198;Sophia Alvarado;83
1797;Andres McDaniel;68
2119;Casen Contreras;79
4117;Daniela Richardson;72
8283;Robert Allen;71
4454;Riley Cano;100
7548;Justice Ortega;63
9565;Eden Randolph;84
9412;Douglas Koch;95
5608;Milana Dickerson;91
7710;Stefan Gilmore;96
2225;Turner Wilcox;86
8602;Victor Stone;75
9528;Catalina Sampson;77
4900;Abram Jefferson;78
6483;Julieta Sweeney;99
5828;Nixon Clayton;87
2316;Saige Wallace;67
2121;Chase Allen;52
2113;Athena Barajas;91
9849;Harmoni Shepard;96
5963;Damari McDaniel;74
5645;Dahlia Hines;59
7818;Mia Romero;57
5065;Sawyer Harding;95
4707;Amara Michael;80
8376;Hayley Singh;66
7891;Louis Mullins;76
7396;Maliyah Solis;93
7402;Ronin Cordova;59
5515;Jaliyah Wise;89
5087;Frederick Burch;54
2246;Pedro Larsen;79
5949;Grayson Trevino;96
4280;Priscilla Parrish;69
2959;Karsyn Goodman;66
3366;Carolina Duarte;92
6784;Vera Hall;62
4743;Charley Craig;87
9486;Odin Montoya;56
4612;Kamryn Craig;97
4903;Odin Herring;52
2554;Denver McIntosh;52
6728;Kristian Bauer;60
1490;Haley Franklin;63
4588;Hadlee Garcia;87
7136;James Norman;59
3463;Juliana Chung;60
6792;Ira Lugo;77
3812;Kaylani Salgado;89
5789;Trace Rollins;92
4242;Araceli Owens;97
6329;Adriel Holmes;91
1243;Sophie Arias;88
2919;Alec Jennings;94
9392;Palmer Gallagher;67
7934;Marcos Russell;97
8316;Emelia Herrera;62
8389;Declan Gentry;78
8278;Gia Walker;94
7180;Raina Edwards;51
7841;Adrian Ortega;58
7724;Sonny Wu;65
6468;Liana Gordon;60
5205;Karter Gibbs;99
1973;Carter Barton;53
7091;Cassius Novak;70
4473;Kaiya Carroll;52
6372;Nalani Matthews;69
8058;Joelle Hardin;61
6599;Dexter Hoffman;86
4608;Aspen Terrell;75
5010;Jaxen Hodge;94
1934;Roman Thornton;92
2621;Saylor Golden;95
7567;Amias Blair;92
4706;Frances Horne;89
3614;Camille Chavez;73
1206;Isaac Landry;52
2866;Mitchell Finley;91
7496;Madilyn Chambers;97
3057;Orion Kelly;76
5001;Armando Barnes;67
2447;Grayson Sharp;67
4086;Mathias Smith;100
2046;Olivia Chandler;81
5924;Jamal Benjamin;93
2491;Adler Salgado;83
8462;Winnie Zavala;96
4027;Emerald Bowen;86
4732;Trevor Patterson;88
1633;Kaylee Lim;84
2888;Roger Mora;94
1094;Jemma Hunt;80
5904;Lana Hines;65
6618;Ivory Dominguez;54
8568;Kaden Thornton;95
4419;Haisley Everett;70
1865;Luca Ingram;64
9003;Maleah Buck;98
5480;Natalia Meza;76
9489;Lucian Rollins;89
8974;Khloe Gates;83
1358;Alvin Hale;97
5175;Brinley Melton;53
8833;Lennon Huber;80
2785;Raquel Pugh;98
9946;Kyleigh Small;84
5204;Rudy Barnes;77
9722;Lilyana Garrison;80
8299;Noe Chambers;72
6672;Jasiah Strong;93
6841;Margo Hammond;76
8338;Francis Espinoza;86
4764;Wilson Erickson;65
3687;Sabrina Green;85
5108;Skylar Barron;51
6497;Kaliyah Wilson;83
2965;Daniel Person;73
7633;Aldo May;55
8540;Duncan McMillan;69
9511;Oakleigh Rush;99
7085;Kaiser Buck;57
8818;Kaden Murphy;50
9145;Zayn Waller;95
6227;Whitley Chandler;70
4922;Royal Esparza;54
7936;Ramona Chavez;64
4542;Ian Hardy;53
1872;Jessica Jaramillo;73
8782;Riggs Krueger;86
1842;Brooke Reynolds;76
6971;Vincent Briggs;77
4591;Lorenzo Frederick;88
5640;Sariyah Jones;78
2356;Malcolm Weaver;84
7958;Annabelle Becker;90
4439;Callen Aguilar;66
9049;Bishop Roberson;51
4938;Sasha Sawyer;82
8499;Lilyana Alvarez;50
6786;Xavier Berger;60
6795;Laylah Sandoval;71
1642;Brantley Lester;52
6260;Gavin Dunlap;62
5906;Iliana Ward;72
9015;Jameson Kerr;90
6283;Thomas Griffin;63
3417;Ariel Austin;71
8965;Omar McIntosh;80
9659;Keenan Black;53
6272;Molly Estrada;88
4687;Deborah Lawrence;88
5080;Kaleb Evans;54
8201;Everleigh Huerta;69
2822;Kayla Davila;100
6225;Anna Wong;64
7362;Walter Fisher;62
9153;Madelynn Herring;92
5239;Hadassah Holmes;96
7184;King Hart;68
1388;Gemma Cantu;59
1791;Anakin Randall;64
4751;Kenneth Quintana;86
1225;Alejandro Carroll;78
1067;Cesar Acevedo;58
6896;Ashlynn Bryant;77
3321;Haley Horne;64
5896;Raya Watkins;61
8625;Nash Sanford;87
1509;Hezekiah Hendrix;74
3671;Zhuri Faulkner;100
6570;Jabari Meyers;84
9335;Leyla Blackburn;56
7823;Francis Benson;64
1065;Collins Hull;61
3960;Kamilah Lewis;61
5431;Edison Chandler;89
5674;Savannah Copeland;94
1493;Axton White;97
5848;Layla Landry;94
5898;Kash Brennan;59
7099;Elodie Campbell;66
3658;Christopher Ingram;73
3888;Katie Owen;75
3380;Lilyana Powell;89
8121;Bennett Mayer;97
2784;Ainhoa Patterson;99
5116;Amir Santana;99
9770;Lincoln Maddox;74
7953;Zainab Gutierrez;84
6436;Luca Small;50
4695;Zaria Schroeder;66
6591;Izaiah Kemp;62
9190;Anika Booth;96
1746;Madelynn Morris;95
5488;Christian Martin;82
1016;Mila Fields;53
9256;Rory Gross;64
2082;Quinn Casey;90
6830;Sylvia Cain;95
6174;Benson Nicholson;69
8830;Justice Atkinson;82
3117;Duke Cline;72
6944;Richard Watkins;66
7746;Lola Medina;85
9700;George Griffin;58
1457;Charlie Knapp;83
7565;Boden Middleton;77
5422;Madalyn Pope;53
2128;Gunnar Russell;83
9353;Aydin Glass;57
9224;Casen Lyons;77
8256;Kenzie McConnell;61
9111;Emily Camacho;65
4458;Tatum Rivers;60
4386;Jasiah Allison;53
3524;Chelsea Stark;56
4371;Amelia Whitaker;78
8026;Elsie Wallace;66
8104;Kairi Figueroa;100
8777;Spencer Garrett;65
6761;Mckenzie Calhoun;99
5011;Zola Collins;54
2043;Maliyah Bender;54
7647;Oaklee Pugh;70
1491;Judson Noble;56
8875;Hunter Estrada;56
6958;Phoenix Simon;94
6361;Albert Warner;80
6251;Wynter Blackwell;70
1541;Marcellus Ashley;61
7859;Khalani Knox;56
7984;Valentin Brown;80
5232;Charlotte Esquivel;62
7512;Bridger Vazquez;100
3538;Nia Vasquez;90
9515;Rowan Barajas;72
4721;Mina Ibarra;100
9644;Asa Benton;98
4868;Andre Webster;64
7894;Kensley Lim;85
2578;Cal Alexander;68
4784;Arabella Hawkins;51
7513;Victor Barker;84
2073;Trent Colon;100
6087;Kylee Vazquez;87
4416;Evan Cabrera;58
2527;Daleyza O’Neill;64
2284;Belen Heath;98
2794;Lionel Morton;73
3210;Chandler Marquez;69
4995;Milani Chambers;97
8906;Orion Daniels;91
6954;Ember Rich;59
1223;Kyler Salazar;77
1757;Kobe Bradley;74
2691;Vanessa Marsh;87
9379;Bo English;96
2325;Dominik Schaefer;87
8255;Mavis Reese;80
7819;Misael Richmond;80
9132;Whitney Bates;94
7482;Yosef Mays;77
6011;Kendrick Ballard;97
3851;Isaias Fox;54
2855;Juliette Yates;80
5297;Braylon Meyer;98
3277;Brooklynn Chen;54
1455;Emmanuel Callahan;59
5533;Ivan Nguyen;55
9104;Daleyza O’brien;64
8774;Riley Lee;51
3883;Emery McCullough;76
9797;Addilynn Weeks;92
5298;Anders Frye;69
1361;Raya Stanton;69
1949;Zyair Solomon;67
4714;Moses Atkinson;86
4034;Jazmin Archer;91
9980;Genesis Rangel;61
8153;Saint Berry;70
9508;Annabelle Huffman;84
1772;Charlee Meadows;89
8793;Harley Frederick;50
3906;Sariyah Berg;69
4260;Cayson Archer;57
5644;Fatima Banks;61
3284;Callie Miller;54
5419;Benjamin Casey;51
1033;Wade Morgan;93
6380;Barrett Grant;94
2091;Carson Burnett;94
5019;Ruben Woodward;55
5952;Charles Serrano;78
4509;Sophia Alfaro;60
7275;Xzavier Richards;93
1128;Trinity Herman;51
1940;Natasha Sosa;92
8695;Emir Brewer;81
9960;Noa Bowman;66
4080;Jazmine Zhang;80
2734;Isaias Rosario;51
7097;Ares Walton;75
4969;Scarlet Cooper;98
8739;Jonathan Huber;53
7189;Ezekiel Weaver;93
5415;Felipe Roth;76
7546;Elliot Simon;69
4023;Sylvia Bowman;70
1923;Francisco Farley;81
6682;Nash Fischer;83
2835;Rodrigo Becker;57
5986;Laura Warren;96
1596;Abel Cook;87
5095;Karson Hayden;69
4474;Nico Randall;97
2657;Christina Curry;55
7377;Andrew Parks;60
2049;Maren Winters;100
5173;Natasha Arroyo;90
1241;Alberto Schmitt;82
1217;Queen Banks;96
3842;Martin Hunt;62
7428;Genevieve Brandt;52
8030;Damir Moyer;61
4867;Zola Wilkerson;78
7561;Carmelo Lara;87
5217;Heidi Scott;61